"game_version","steam_build","source_bundle","asset_category","prefab_name","asset_path","research_scope","historical_mapping_status"
"2.0.8 Stable","24420558","er2vehicles","Artillery","15mm GPF","Assets/ER2 Assets/Prefabs/Vehicles/Artillery/15mm GPF.prefab","stationary_or_towed_weapon","unverified"
"2.0.8 Stable","24420558","er2vehicles","Artillery","37mm_M3","Assets/ER2 Assets/Prefabs/Vehicles/Artillery/37mm_M3.prefab","stationary_or_towed_weapon","unverified"
"2.0.8 Stable","24420558","er2dlc_awakening","Artillery","44M Buzoganyveto","Assets/ER2 Assets/Prefabs/Vehicles/Artillery/44M Buzoganyveto.prefab","stationary_or_towed_weapon","unverified"
"2.0.8 Stable","24420558","er2vehicles","Artillery","Anzio Express","Assets/ER2 Assets/Prefabs/Vehicles/Artillery/Anzio Express.prefab","stationary_or_towed_weapon","unverified"
"2.0.8 Stable","24420558","er2vehicles","Artillery","Bofors 40mm","Assets/ER2 Assets/Prefabs/Vehicles/Artillery/Bofors 40mm.prefab","stationary_or_towed_weapon","unverified"
"2.0.8 Stable","24420558","er2vehicles","Artillery","Flak38 AA","Assets/ER2 Assets/Prefabs/Vehicles/Artillery/Flak38 AA.prefab","stationary_or_towed_weapon","unverified"
"2.0.8 Stable","24420558","er2vehicles","Artillery","Ger 105 Gun","Assets/ER2 Assets/Prefabs/Vehicles/Artillery/Ger 105 Gun.prefab","stationary_or_towed_weapon","unverified"
"2.0.8 Stable","24420558","er2vehicles","Artillery","Ger Flak 88","Assets/ER2 Assets/Prefabs/Vehicles/Artillery/Ger Flak 88.prefab","stationary_or_towed_weapon","unverified"
"2.0.8 Stable","24420558","er2vehicles","Artillery","Ger Pak 36","Assets/ER2 Assets/Prefabs/Vehicles/Artillery/Ger Pak 36.prefab","stationary_or_towed_weapon","unverified"
"2.0.8 Stable","24420558","er2vehicles","Artillery","Ger Pak 38","Assets/ER2 Assets/Prefabs/Vehicles/Artillery/Ger Pak 38.prefab","stationary_or_towed_weapon","unverified"
"2.0.8 Stable","24420558","er2vehicles","Artillery","Ger Pak 40","Assets/ER2 Assets/Prefabs/Vehicles/Artillery/Ger Pak 40.prefab","stationary_or_towed_weapon","unverified"
"2.0.8 Stable","24420558","er2vehicles","Artillery","I5cm Sig33","Assets/ER2 Assets/Prefabs/Vehicles/Artillery/I5cm Sig33.prefab","stationary_or_towed_weapon","unverified"
"2.0.8 Stable","24420558","er2vehicles","Artillery","Jap 47mm","Assets/ER2 Assets/Prefabs/Vehicles/Artillery/Jap 47mm.prefab","stationary_or_towed_weapon","unverified"
"2.0.8 Stable","24420558","er2vehicles","Artillery","M1 Gun 57mm","Assets/ER2 Assets/Prefabs/Vehicles/Artillery/M1 Gun 57mm.prefab","stationary_or_towed_weapon","unverified"
"2.0.8 Stable","24420558","er2vehicles","Artillery","M101A1 105mm","Assets/ER2 Assets/Prefabs/Vehicles/Artillery/M101A1 105mm.prefab","stationary_or_towed_weapon","unverified"
"2.0.8 Stable","24420558","er2vehicles","Artillery","M-13_Launcher","Assets/ER2 Assets/Prefabs/Vehicles/Artillery/M-13_Launcher.prefab","stationary_or_towed_weapon","unverified"
"2.0.8 Stable","24420558","er2vehicles","Artillery","M1937 19-K","Assets/ER2 Assets/Prefabs/Vehicles/Artillery/M1937 19-K.prefab","stationary_or_towed_weapon","unverified"
"2.0.8 Stable","24420558","er2vehicles","Artillery","M1937 1-K","Assets/ER2 Assets/Prefabs/Vehicles/Artillery/M1937 1-K.prefab","stationary_or_towed_weapon","unverified"
"2.0.8 Stable","24420558","er2vehicles","Artillery","M1937 53-K","Assets/ER2 Assets/Prefabs/Vehicles/Artillery/M1937 53-K.prefab","stationary_or_towed_weapon","unverified"
"2.0.8 Stable","24420558","er2vehicles","Artillery","Mortar GER","Assets/ER2 Assets/Prefabs/Vehicles/Artillery/Mortar GER.prefab","stationary_or_towed_weapon","unverified"
"2.0.8 Stable","24420558","er2vehicles","Artillery","Mortar JAP","Assets/ER2 Assets/Prefabs/Vehicles/Artillery/Mortar JAP.prefab","stationary_or_towed_weapon","unverified"
"2.0.8 Stable","24420558","er2vehicles","Artillery","Mortar USA","Assets/ER2 Assets/Prefabs/Vehicles/Artillery/Mortar USA.prefab","stationary_or_towed_weapon","unverified"
"2.0.8 Stable","24420558","er2vehicles","Artillery","Nebelwerfer","Assets/ER2 Assets/Prefabs/Vehicles/Artillery/Nebelwerfer.prefab","stationary_or_towed_weapon","unverified"
"2.0.8 Stable","24420558","er2vehicles","Artillery","QF 25-Pounder LW","Assets/ER2 Assets/Prefabs/Vehicles/Artillery/QF 25-Pounder LW.prefab","stationary_or_towed_weapon","unverified"
"2.0.8 Stable","24420558","er2vehicles","Artillery","QF 25-Pounder","Assets/ER2 Assets/Prefabs/Vehicles/Artillery/QF 25-Pounder.prefab","stationary_or_towed_weapon","unverified"
"2.0.8 Stable","24420558","er2vehicles","Artillery","QF6 Pounder MkV","Assets/ER2 Assets/Prefabs/Vehicles/Artillery/QF6 Pounder MkV.prefab","stationary_or_towed_weapon","unverified"
"2.0.8 Stable","24420558","er2vehicles","Artillery","QF6 Pounder","Assets/ER2 Assets/Prefabs/Vehicles/Artillery/QF6 Pounder.prefab","stationary_or_towed_weapon","unverified"
"2.0.8 Stable","24420558","er2vehicles","Artillery","TbtsK 150mm","Assets/ER2 Assets/Prefabs/Vehicles/Artillery/TbtsK 150mm.prefab","stationary_or_towed_weapon","unverified"
"2.0.8 Stable","24420558","er2vehicles","Artillery","Type 96 aa","Assets/ER2 Assets/Prefabs/Vehicles/Artillery/Type 96 aa.prefab","stationary_or_towed_weapon","unverified"
"2.0.8 Stable","24420558","er2vehicles","Artillery","Type92 10cm","Assets/ER2 Assets/Prefabs/Vehicles/Artillery/Type92 10cm.prefab","stationary_or_towed_weapon","unverified"
"2.0.8 Stable","24420558","er2vehicles","Artillery","Type92 BG","Assets/ER2 Assets/Prefabs/Vehicles/Artillery/Type92 BG.prefab","stationary_or_towed_weapon","unverified"
"2.0.8 Stable","24420558","er2vehicles","Artillery","Zis-2","Assets/ER2 Assets/Prefabs/Vehicles/Artillery/Zis-2.prefab","stationary_or_towed_weapon","unverified"
"2.0.8 Stable","24420558","er2vehicles","Artillery","Zis-3","Assets/ER2 Assets/Prefabs/Vehicles/Artillery/Zis-3.prefab","stationary_or_towed_weapon","unverified"
"2.0.8 Stable","24420558","er2vehicles","Deprecated","C-47 UK","Assets/ER2 Assets/Prefabs/Vehicles/Deprecated/C-47 UK.prefab","deprecated_asset","unverified"
"2.0.8 Stable","24420558","er2vehicles","Deprecated","Flak38 AAW","Assets/ER2 Assets/Prefabs/Vehicles/Deprecated/Flak38 AAW.prefab","deprecated_asset","unverified"
"2.0.8 Stable","24420558","er2vehicles","Deprecated","Jagdpanther G1 Winter","Assets/ER2 Assets/Prefabs/Vehicles/Deprecated/Jagdpanther G1 Winter.prefab","deprecated_asset","unverified"
"2.0.8 Stable","24420558","er2vehicles","Deprecated","M10 Wolverine Winter","Assets/ER2 Assets/Prefabs/Vehicles/Deprecated/M10 Wolverine Winter.prefab","deprecated_asset","unverified"
"2.0.8 Stable","24420558","er2vehicles","Deprecated","M3 Ambulance Half-Track","Assets/ER2 Assets/Prefabs/Vehicles/Deprecated/M3 Ambulance Half-Track.prefab","deprecated_asset","unverified"
"2.0.8 Stable","24420558","er2vehicles","Deprecated","M3 Half-Track Soviet","Assets/ER2 Assets/Prefabs/Vehicles/Deprecated/M3 Half-Track Soviet.prefab","deprecated_asset","unverified"
"2.0.8 Stable","24420558","er2vehicles","Deprecated","M3 Stuart uk","Assets/ER2 Assets/Prefabs/Vehicles/Deprecated/M3 Stuart uk.prefab","deprecated_asset","unverified"
"2.0.8 Stable","24420558","er2vehicles","Deprecated","M4 Sherman uk","Assets/ER2 Assets/Prefabs/Vehicles/Deprecated/M4 Sherman uk.prefab","deprecated_asset","unverified"
"2.0.8 Stable","24420558","er2vehicles","Deprecated","M4 Sherman Winter","Assets/ER2 Assets/Prefabs/Vehicles/Deprecated/M4 Sherman Winter.prefab","deprecated_asset","unverified"
"2.0.8 Stable","24420558","er2vehicles","Deprecated","M4A2E8 Sherman Winter","Assets/ER2 Assets/Prefabs/Vehicles/Deprecated/M4A2E8 Sherman Winter.prefab","deprecated_asset","unverified"
"2.0.8 Stable","24420558","er2vehicles","Deprecated","M4A3E2 Sherman Winter","Assets/ER2 Assets/Prefabs/Vehicles/Deprecated/M4A3E2 Sherman Winter.prefab","deprecated_asset","unverified"
"2.0.8 Stable","24420558","er2vehicles","Deprecated","Panzer iv h Winter","Assets/ER2 Assets/Prefabs/Vehicles/Deprecated/Panzer iv h Winter.prefab","deprecated_asset","unverified"
"2.0.8 Stable","24420558","er2vehicles","Deprecated","Panzer v Panther Winter","Assets/ER2 Assets/Prefabs/Vehicles/Deprecated/Panzer v Panther Winter.prefab","deprecated_asset","unverified"
"2.0.8 Stable","24420558","er2vehicles","Deprecated","Sherman Firefly UK","Assets/ER2 Assets/Prefabs/Vehicles/Deprecated/Sherman Firefly UK.prefab","deprecated_asset","unverified"
"2.0.8 Stable","24420558","er2vehicles","MGs","Breda37_Ground","Assets/ER2 Assets/Prefabs/Vehicles/MGs/Breda37_Ground.prefab","stationary_machine_gun","unverified"
"2.0.8 Stable","24420558","er2vehicles","MGs","Breda37_Tripod","Assets/ER2 Assets/Prefabs/Vehicles/MGs/Breda37_Tripod.prefab","stationary_machine_gun","unverified"
"2.0.8 Stable","24420558","er2vehicles","MGs","Breda37_Tripod_AA","Assets/ER2 Assets/Prefabs/Vehicles/MGs/Breda37_Tripod_AA.prefab","stationary_machine_gun","unverified"
"2.0.8 Stable","24420558","er2vehicles","MGs","Browning 30Cal Stationary Bunker","Assets/ER2 Assets/Prefabs/Vehicles/MGs/Browning 30Cal Stationary Bunker.prefab","stationary_machine_gun","unverified"
"2.0.8 Stable","24420558","er2vehicles","MGs","Browning 30Cal Stationary Ground","Assets/ER2 Assets/Prefabs/Vehicles/MGs/Browning 30Cal Stationary Ground.prefab","stationary_machine_gun","unverified"
"2.0.8 Stable","24420558","er2vehicles","MGs","Browning 30Cal Stationary","Assets/ER2 Assets/Prefabs/Vehicles/MGs/Browning 30Cal Stationary.prefab","stationary_machine_gun","unverified"
"2.0.8 Stable","24420558","er2vehicles","MGs","Browning M2 Stationary Bunker","Assets/ER2 Assets/Prefabs/Vehicles/MGs/Browning M2 Stationary Bunker.prefab","stationary_machine_gun","unverified"
"2.0.8 Stable","24420558","er2vehicles","MGs","Browning M2 Stationary","Assets/ER2 Assets/Prefabs/Vehicles/MGs/Browning M2 Stationary.prefab","stationary_machine_gun","unverified"
"2.0.8 Stable","24420558","er2vehicles","MGs","Hotchkiss Stationary Ground","Assets/ER2 Assets/Prefabs/Vehicles/MGs/Hotchkiss Stationary Ground.prefab","stationary_machine_gun","unverified"
"2.0.8 Stable","24420558","er2vehicles","MGs","M45Quadmount","Assets/ER2 Assets/Prefabs/Vehicles/MGs/M45Quadmount.prefab","stationary_machine_gun","unverified"
"2.0.8 Stable","24420558","er2dlc_awakening","MGs","Madsen_M1924H_Tripod","Assets/ER2 Assets/Prefabs/Vehicles/MGs/Madsen_M1924H_Tripod.prefab","stationary_machine_gun","unverified"
"2.0.8 Stable","24420558","er2vehicles","MGs","MaximMG Bunker","Assets/ER2 Assets/Prefabs/Vehicles/MGs/MaximMG Bunker.prefab","stationary_machine_gun","unverified"
"2.0.8 Stable","24420558","er2vehicles","MGs","MaximMG Static","Assets/ER2 Assets/Prefabs/Vehicles/MGs/MaximMG Static.prefab","stationary_machine_gun","unverified"
"2.0.8 Stable","24420558","er2vehicles","MGs","MaximMG Tripod","Assets/ER2 Assets/Prefabs/Vehicles/MGs/MaximMG Tripod.prefab","stationary_machine_gun","unverified"
"2.0.8 Stable","24420558","er2vehicles","MGs","MaximMG_AA","Assets/ER2 Assets/Prefabs/Vehicles/MGs/MaximMG_AA.prefab","stationary_machine_gun","unverified"
"2.0.8 Stable","24420558","er2dlc_awakening","MGs","MG30_31M Tripod AA","Assets/ER2 Assets/Prefabs/Vehicles/MGs/MG30_31M Tripod AA.prefab","stationary_machine_gun","unverified"
"2.0.8 Stable","24420558","er2dlc_awakening","MGs","MG30_31M Tripod","Assets/ER2 Assets/Prefabs/Vehicles/MGs/MG30_31M Tripod.prefab","stationary_machine_gun","unverified"
"2.0.8 Stable","24420558","er2vehicles","MGs","MG34 Stationary Bunker","Assets/ER2 Assets/Prefabs/Vehicles/MGs/MG34 Stationary Bunker.prefab","stationary_machine_gun","unverified"
"2.0.8 Stable","24420558","er2vehicles","MGs","MG34 Stationary Ground","Assets/ER2 Assets/Prefabs/Vehicles/MGs/MG34 Stationary Ground.prefab","stationary_machine_gun","unverified"
"2.0.8 Stable","24420558","er2vehicles","MGs","MG34 Stationary","Assets/ER2 Assets/Prefabs/Vehicles/MGs/MG34 Stationary.prefab","stationary_machine_gun","unverified"
"2.0.8 Stable","24420558","er2vehicles","MGs","MG42 Stationary Bunker","Assets/ER2 Assets/Prefabs/Vehicles/MGs/MG42 Stationary Bunker.prefab","stationary_machine_gun","unverified"
"2.0.8 Stable","24420558","er2vehicles","MGs","MG42 Stationary Ground","Assets/ER2 Assets/Prefabs/Vehicles/MGs/MG42 Stationary Ground.prefab","stationary_machine_gun","unverified"
"2.0.8 Stable","24420558","er2vehicles","MGs","MG42 Stationary","Assets/ER2 Assets/Prefabs/Vehicles/MGs/MG42 Stationary.prefab","stationary_machine_gun","unverified"
"2.0.8 Stable","24420558","er2dlc_china","MGs","Type24HMG","Assets/ER2 Assets/Prefabs/Vehicles/MGs/Type24HMG.prefab","stationary_machine_gun","unverified"
"2.0.8 Stable","24420558","er2vehicles","MGs","Type92 Stationary Bunker","Assets/ER2 Assets/Prefabs/Vehicles/MGs/Type92 Stationary Bunker.prefab","stationary_machine_gun","unverified"
"2.0.8 Stable","24420558","er2vehicles","MGs","Type92 Stationary Bunker2","Assets/ER2 Assets/Prefabs/Vehicles/MGs/Type92 Stationary Bunker2.prefab","stationary_machine_gun","unverified"
"2.0.8 Stable","24420558","er2vehicles","MGs","Type92 Stationary","Assets/ER2 Assets/Prefabs/Vehicles/MGs/Type92 Stationary.prefab","stationary_machine_gun","unverified"
"2.0.8 Stable","24420558","er2vehicles","MGs","Type97 Stationary","Assets/ER2 Assets/Prefabs/Vehicles/MGs/Type97 Stationary.prefab","stationary_machine_gun","unverified"
"2.0.8 Stable","24420558","er2vehicles","MGs","Vickers_MG_EW","Assets/ER2 Assets/Prefabs/Vehicles/MGs/Vickers_MG_EW.prefab","stationary_machine_gun","unverified"
"2.0.8 Stable","24420558","er2vehicles","MGs","Vickers_MG_LW","Assets/ER2 Assets/Prefabs/Vehicles/MGs/Vickers_MG_LW.prefab","stationary_machine_gun","unverified"
"2.0.8 Stable","24420558","er2dlc_awakening","MGs","ZB37_Tripod","Assets/ER2 Assets/Prefabs/Vehicles/MGs/ZB37_Tripod.prefab","stationary_machine_gun","unverified"
"2.0.8 Stable","24420558","er2dlc_awakening","MGs","ZB37_Tripod_Romanian","Assets/ER2 Assets/Prefabs/Vehicles/MGs/ZB37_Tripod_Romanian.prefab","stationary_machine_gun","unverified"
"2.0.8 Stable","24420558","er2dlc_china","Planes","A4N","Assets/ER2 Assets/Prefabs/Vehicles/Planes/A4N.prefab","aircraft","unverified"
"2.0.8 Stable","24420558","er2vehicles","Planes","A5M_2","Assets/ER2 Assets/Prefabs/Vehicles/Planes/A5M_2.prefab","aircraft","unverified"
"2.0.8 Stable","24420558","er2vehicles","Planes","BF-109","Assets/ER2 Assets/Prefabs/Vehicles/Planes/BF-109.prefab","aircraft","unverified"
"2.0.8 Stable","24420558","er2vehicles","Planes","BF-109E1","Assets/ER2 Assets/Prefabs/Vehicles/Planes/BF-109E1.prefab","aircraft","unverified"
"2.0.8 Stable","24420558","er2vehicles","Planes","BF-109E3","Assets/ER2 Assets/Prefabs/Vehicles/Planes/BF-109E3.prefab","aircraft","unverified"
"2.0.8 Stable","24420558","er2vehicles","Planes","BF-109E4","Assets/ER2 Assets/Prefabs/Vehicles/Planes/BF-109E4.prefab","aircraft","unverified"
"2.0.8 Stable","24420558","er2vehicles","Planes","BF-109F4","Assets/ER2 Assets/Prefabs/Vehicles/Planes/BF-109F4.prefab","aircraft","unverified"
"2.0.8 Stable","24420558","er2vehicles","Planes","BF-109G14","Assets/ER2 Assets/Prefabs/Vehicles/Planes/BF-109G14.prefab","aircraft","unverified"
"2.0.8 Stable","24420558","er2vehicles","Planes","BF-109G14-R6","Assets/ER2 Assets/Prefabs/Vehicles/Planes/BF-109G14-R6.prefab","aircraft","unverified"
"2.0.8 Stable","24420558","er2vehicles","Planes","BF-109G14-U4","Assets/ER2 Assets/Prefabs/Vehicles/Planes/BF-109G14-U4.prefab","aircraft","unverified"
"2.0.8 Stable","24420558","er2vehicles","Planes","BF-109G2","Assets/ER2 Assets/Prefabs/Vehicles/Planes/BF-109G2.prefab","aircraft","unverified"
"2.0.8 Stable","24420558","er2vehicles","Planes","BF-109G2-R2","Assets/ER2 Assets/Prefabs/Vehicles/Planes/BF-109G2-R2.prefab","aircraft","unverified"
"2.0.8 Stable","24420558","er2vehicles","Planes","BF-109G6-R6","Assets/ER2 Assets/Prefabs/Vehicles/Planes/BF-109G6-R6.prefab","aircraft","unverified"
"2.0.8 Stable","24420558","er2vehicles","Planes","Bristol Beufighter","Assets/ER2 Assets/Prefabs/Vehicles/Planes/Bristol Beufighter.prefab","aircraft","unverified"
"2.0.8 Stable","24420558","er2vehicles","Planes","C-47 US","Assets/ER2 Assets/Prefabs/Vehicles/Planes/C-47 US.prefab","aircraft","unverified"
"2.0.8 Stable","24420558","er2vehicles","Planes","DFS 230","Assets/ER2 Assets/Prefabs/Vehicles/Planes/DFS 230.prefab","aircraft","unverified"
"2.0.8 Stable","24420558","er2vehicles","Planes","Douglas SBD Dauntless","Assets/ER2 Assets/Prefabs/Vehicles/Planes/Douglas SBD Dauntless.prefab","aircraft","unverified"
"2.0.8 Stable","24420558","er2vehicles","Planes","F4F Wildcat","Assets/ER2 Assets/Prefabs/Vehicles/Planes/F4F Wildcat.prefab","aircraft","unverified"
"2.0.8 Stable","24420558","er2vehicles","Planes","FW190A5","Assets/ER2 Assets/Prefabs/Vehicles/Planes/FW190A5.prefab","aircraft","unverified"
"2.0.8 Stable","24420558","er2vehicles","Planes","FW190A8","Assets/ER2 Assets/Prefabs/Vehicles/Planes/FW190A8.prefab","aircraft","unverified"
"2.0.8 Stable","24420558","er2vehicles","Planes","FW190A8-R6","Assets/ER2 Assets/Prefabs/Vehicles/Planes/FW190A8-R6.prefab","aircraft","unverified"
"2.0.8 Stable","24420558","er2vehicles","Planes","FW190F3","Assets/ER2 Assets/Prefabs/Vehicles/Planes/FW190F3.prefab","aircraft","unverified"
"2.0.8 Stable","24420558","er2vehicles","Planes","FW190F8","Assets/ER2 Assets/Prefabs/Vehicles/Planes/FW190F8.prefab","aircraft","unverified"
"2.0.8 Stable","24420558","er2vehicles","Planes","FW190F8-R3","Assets/ER2 Assets/Prefabs/Vehicles/Planes/FW190F8-R3.prefab","aircraft","unverified"
"2.0.8 Stable","24420558","er2vehicles","Planes","G3M","Assets/ER2 Assets/Prefabs/Vehicles/Planes/G3M.prefab","aircraft","unverified"
"2.0.8 Stable","24420558","er2dlc_china","Planes","Hawk3","Assets/ER2 Assets/Prefabs/Vehicles/Planes/Hawk3.prefab","aircraft","unverified"
"2.0.8 Stable","24420558","er2vehicles","Planes","Horsa","Assets/ER2 Assets/Prefabs/Vehicles/Planes/Horsa.prefab","aircraft","unverified"
"2.0.8 Stable","24420558","er2vehicles","Planes","I16","Assets/ER2 Assets/Prefabs/Vehicles/Planes/I16.prefab","aircraft","unverified"
"2.0.8 Stable","24420558","er2vehicles","Planes","IL-2 1942 Converted","Assets/ER2 Assets/Prefabs/Vehicles/Planes/IL-2 1942 Converted.prefab","aircraft","unverified"
"2.0.8 Stable","24420558","er2vehicles","Planes","IL-2 1942","Assets/ER2 Assets/Prefabs/Vehicles/Planes/IL-2 1942.prefab","aircraft","unverified"
"2.0.8 Stable","24420558","er2vehicles","Planes","IL-2 1943 NS37","Assets/ER2 Assets/Prefabs/Vehicles/Planes/IL-2 1943 NS37.prefab","aircraft","unverified"
"2.0.8 Stable","24420558","er2vehicles","Planes","IL-2 1943","Assets/ER2 Assets/Prefabs/Vehicles/Planes/IL-2 1943.prefab","aircraft","unverified"
"2.0.8 Stable","24420558","er2vehicles","Planes","IL-2","Assets/ER2 Assets/Prefabs/Vehicles/Planes/IL-2.prefab","aircraft","unverified"
"2.0.8 Stable","24420558","er2vehicles","Planes","Ju-52","Assets/ER2 Assets/Prefabs/Vehicles/Planes/Ju-52.prefab","aircraft","unverified"
"2.0.8 Stable","24420558","er2vehicles","Planes","Ki27","Assets/ER2 Assets/Prefabs/Vehicles/Planes/Ki27.prefab","aircraft","unverified"
"2.0.8 Stable","24420558","er2vehicles","Planes","Ki43","Assets/ER2 Assets/Prefabs/Vehicles/Planes/Ki43.prefab","aircraft","unverified"
"2.0.8 Stable","24420558","er2vehicles","Planes","Macchi_MC200","Assets/ER2 Assets/Prefabs/Vehicles/Planes/Macchi_MC200.prefab","aircraft","unverified"
"2.0.8 Stable","24420558","er2vehicles","Planes","Macchi_MC202","Assets/ER2 Assets/Prefabs/Vehicles/Planes/Macchi_MC202.prefab","aircraft","unverified"
"2.0.8 Stable","24420558","er2vehicles","Planes","MB-152","Assets/ER2 Assets/Prefabs/Vehicles/Planes/MB-152.prefab","aircraft","unverified"
"2.0.8 Stable","24420558","er2vehicles","Planes","ME110","Assets/ER2 Assets/Prefabs/Vehicles/Planes/ME110.prefab","aircraft","unverified"
"2.0.8 Stable","24420558","er2vehicles","Planes","P38 Lightning","Assets/ER2 Assets/Prefabs/Vehicles/Planes/P38 Lightning.prefab","aircraft","unverified"
"2.0.8 Stable","24420558","er2vehicles","Planes","P40","Assets/ER2 Assets/Prefabs/Vehicles/Planes/P40.prefab","aircraft","unverified"
"2.0.8 Stable","24420558","er2vehicles","Planes","P40C","Assets/ER2 Assets/Prefabs/Vehicles/Planes/P40C.prefab","aircraft","unverified"
"2.0.8 Stable","24420558","er2vehicles","Planes","P51","Assets/ER2 Assets/Prefabs/Vehicles/Planes/P51.prefab","aircraft","unverified"
"2.0.8 Stable","24420558","er2vehicles","Planes","Spitfire MK1 1939","Assets/ER2 Assets/Prefabs/Vehicles/Planes/Spitfire MK1 1939.prefab","aircraft","unverified"
"2.0.8 Stable","24420558","er2vehicles","Planes","Spitfire MK1 1940","Assets/ER2 Assets/Prefabs/Vehicles/Planes/Spitfire MK1 1940.prefab","aircraft","unverified"
"2.0.8 Stable","24420558","er2vehicles","Planes","Spitfire MK16e","Assets/ER2 Assets/Prefabs/Vehicles/Planes/Spitfire MK16e.prefab","aircraft","unverified"
"2.0.8 Stable","24420558","er2vehicles","Planes","Spitfire Mk2b","Assets/ER2 Assets/Prefabs/Vehicles/Planes/Spitfire Mk2b.prefab","aircraft","unverified"
"2.0.8 Stable","24420558","er2vehicles","Planes","Spitfire MK9C","Assets/ER2 Assets/Prefabs/Vehicles/Planes/Spitfire MK9C.prefab","aircraft","unverified"
"2.0.8 Stable","24420558","er2vehicles","Planes","Spitfire MK9e","Assets/ER2 Assets/Prefabs/Vehicles/Planes/Spitfire MK9e.prefab","aircraft","unverified"
"2.0.8 Stable","24420558","er2vehicles","Planes","Spitfire","Assets/ER2 Assets/Prefabs/Vehicles/Planes/Spitfire.prefab","aircraft","unverified"
"2.0.8 Stable","24420558","er2vehicles","Planes","Stuka","Assets/ER2 Assets/Prefabs/Vehicles/Planes/Stuka.prefab","aircraft","unverified"
"2.0.8 Stable","24420558","er2vehicles","Planes","StukaG2","Assets/ER2 Assets/Prefabs/Vehicles/Planes/StukaG2.prefab","aircraft","unverified"
"2.0.8 Stable","24420558","er2vehicles","Planes","YAK-3","Assets/ER2 Assets/Prefabs/Vehicles/Planes/YAK-3.prefab","aircraft","unverified"
"2.0.8 Stable","24420558","er2vehicles","Planes","YAK-9","Assets/ER2 Assets/Prefabs/Vehicles/Planes/YAK-9.prefab","aircraft","unverified"
"2.0.8 Stable","24420558","er2vehicles","Planes","YAK-9K","Assets/ER2 Assets/Prefabs/Vehicles/Planes/YAK-9K.prefab","aircraft","unverified"
"2.0.8 Stable","24420558","er2vehicles","Planes","YAK-9T","Assets/ER2 Assets/Prefabs/Vehicles/Planes/YAK-9T.prefab","aircraft","unverified"
"2.0.8 Stable","24420558","er2vehicles","Planes","ZeroDrivable","Assets/ER2 Assets/Prefabs/Vehicles/Planes/ZeroDrivable.prefab","aircraft","unverified"
"2.0.8 Stable","24420558","er2vehicles","Planes","ZeroDrivableCannons","Assets/ER2 Assets/Prefabs/Vehicles/Planes/ZeroDrivableCannons.prefab","aircraft","unverified"
"2.0.8 Stable","24420558","er2vehicles","Special","AircraftSearchLight","Assets/ER2 Assets/Prefabs/Vehicles/Special/AircraftSearchLight.prefab","special_or_support_asset","unverified"
"2.0.8 Stable","24420558","er2vehicles","Special","Battleship Gun Variant","Assets/ER2 Assets/Prefabs/Vehicles/Special/Battleship Gun Variant.prefab","special_or_support_asset","unverified"
"2.0.8 Stable","24420558","er2vehicles","Special","Battleship USA 1","Assets/ER2 Assets/Prefabs/Vehicles/Special/Battleship USA 1.prefab","special_or_support_asset","unverified"
"2.0.8 Stable","24420558","er2vehicles","Special","Daihatu Boat","Assets/ER2 Assets/Prefabs/Vehicles/Special/Daihatu Boat.prefab","special_or_support_asset","unverified"
"2.0.8 Stable","24420558","er2vehicles","Special","Gasitell Steam Boat","Assets/ER2 Assets/Prefabs/Vehicles/Special/Gasitell Steam Boat.prefab","special_or_support_asset","unverified"
"2.0.8 Stable","24420558","er2vehicles","Special","Generic Fish Boat 01","Assets/ER2 Assets/Prefabs/Vehicles/Special/Generic Fish Boat 01.prefab","special_or_support_asset","unverified"
"2.0.8 Stable","24420558","er2vehicles","Special","HookThrower","Assets/ER2 Assets/Prefabs/Vehicles/Special/HookThrower.prefab","special_or_support_asset","unverified"
"2.0.8 Stable","24420558","er2vehicles","Special","LCA","Assets/ER2 Assets/Prefabs/Vehicles/Special/LCA.prefab","special_or_support_asset","unverified"
"2.0.8 Stable","24420558","er2vehicles","Special","LCA_Hook","Assets/ER2 Assets/Prefabs/Vehicles/Special/LCA_Hook.prefab","special_or_support_asset","unverified"
"2.0.8 Stable","24420558","er2vehicles","Special","LCVP MGs Variant","Assets/ER2 Assets/Prefabs/Vehicles/Special/LCVP MGs Variant.prefab","special_or_support_asset","unverified"
"2.0.8 Stable","24420558","er2vehicles","Special","LCVP","Assets/ER2 Assets/Prefabs/Vehicles/Special/LCVP.prefab","special_or_support_asset","unverified"
"2.0.8 Stable","24420558","er2vehicles","Special","LVT2","Assets/ER2 Assets/Prefabs/Vehicles/Special/LVT2.prefab","special_or_support_asset","unverified"
"2.0.8 Stable","24420558","er2vehicles","Special","LVT2_MGs","Assets/ER2 Assets/Prefabs/Vehicles/Special/LVT2_MGs.prefab","special_or_support_asset","unverified"
"2.0.8 Stable","24420558","er2vehicles","Special","LVT4","Assets/ER2 Assets/Prefabs/Vehicles/Special/LVT4.prefab","special_or_support_asset","unverified"
"2.0.8 Stable","24420558","er2vehicles","Special","LVT4_MGs","Assets/ER2 Assets/Prefabs/Vehicles/Special/LVT4_MGs.prefab","special_or_support_asset","unverified"
"2.0.8 Stable","24420558","er2vehicles","Special","Parachute_BASE","Assets/ER2 Assets/Prefabs/Vehicles/Special/Parachute_BASE.prefab","special_or_support_asset","unverified"
"2.0.8 Stable","24420558","er2vehicles","Special","Parachute_GER","Assets/ER2 Assets/Prefabs/Vehicles/Special/Parachute_GER.prefab","special_or_support_asset","unverified"
"2.0.8 Stable","24420558","er2vehicles","Special","Parachute_UK","Assets/ER2 Assets/Prefabs/Vehicles/Special/Parachute_UK.prefab","special_or_support_asset","unverified"
"2.0.8 Stable","24420558","er2vehicles","Special","Parachute_US","Assets/ER2 Assets/Prefabs/Vehicles/Special/Parachute_US.prefab","special_or_support_asset","unverified"
"2.0.8 Stable","24420558","er2vehicles","Special","PG-117 MG","Assets/ER2 Assets/Prefabs/Vehicles/Special/PG-117 MG.prefab","special_or_support_asset","unverified"
"2.0.8 Stable","24420558","er2vehicles","Special","PG-117","Assets/ER2 Assets/Prefabs/Vehicles/Special/PG-117.prefab","special_or_support_asset","unverified"
"2.0.8 Stable","24420558","er2vehicles","Special","Small Boat 01","Assets/ER2 Assets/Prefabs/Vehicles/Special/Small Boat 01.prefab","special_or_support_asset","unverified"
"2.0.8 Stable","24420558","er2vehicles","Tanks","Bren Carrier 100rnd","Assets/ER2 Assets/Prefabs/Vehicles/Tanks/Bren Carrier 100rnd.prefab","ground_armoured_vehicle","unverified"
"2.0.8 Stable","24420558","er2vehicles","Tanks","Bren Carrier Boys","Assets/ER2 Assets/Prefabs/Vehicles/Tanks/Bren Carrier Boys.prefab","ground_armoured_vehicle","unverified"
"2.0.8 Stable","24420558","er2vehicles","Tanks","Bren Carrier Vickers","Assets/ER2 Assets/Prefabs/Vehicles/Tanks/Bren Carrier Vickers.prefab","ground_armoured_vehicle","unverified"
"2.0.8 Stable","24420558","er2vehicles","Tanks","Bren Carrier Wasp","Assets/ER2 Assets/Prefabs/Vehicles/Tanks/Bren Carrier Wasp.prefab","ground_armoured_vehicle","unverified"
"2.0.8 Stable","24420558","er2vehicles","Tanks","Bren Carrier","Assets/ER2 Assets/Prefabs/Vehicles/Tanks/Bren Carrier.prefab","ground_armoured_vehicle","unverified"
"2.0.8 Stable","24420558","er2vehicles","Tanks","BT7","Assets/ER2 Assets/Prefabs/Vehicles/Tanks/BT7.prefab","ground_armoured_vehicle","unverified"
"2.0.8 Stable","24420558","er2vehicles","Tanks","Char B1","Assets/ER2 Assets/Prefabs/Vehicles/Tanks/Char B1.prefab","ground_armoured_vehicle","unverified"
"2.0.8 Stable","24420558","er2vehicles","Tanks","Churchill AVRE Petard","Assets/ER2 Assets/Prefabs/Vehicles/Tanks/Churchill AVRE Petard.prefab","ground_armoured_vehicle","unverified"
"2.0.8 Stable","24420558","er2vehicles","Tanks","Churchill Crocodile","Assets/ER2 Assets/Prefabs/Vehicles/Tanks/Churchill Crocodile.prefab","ground_armoured_vehicle","unverified"
"2.0.8 Stable","24420558","er2vehicles","Tanks","Churchill MK III","Assets/ER2 Assets/Prefabs/Vehicles/Tanks/Churchill MK III.prefab","ground_armoured_vehicle","unverified"
"2.0.8 Stable","24420558","er2vehicles","Tanks","Churchill MK VII","Assets/ER2 Assets/Prefabs/Vehicles/Tanks/Churchill MK VII.prefab","ground_armoured_vehicle","unverified"
"2.0.8 Stable","24420558","er2vehicles","Tanks","Comet","Assets/ER2 Assets/Prefabs/Vehicles/Tanks/Comet.prefab","ground_armoured_vehicle","unverified"
"2.0.8 Stable","24420558","er2vehicles","Tanks","Cromwell","Assets/ER2 Assets/Prefabs/Vehicles/Tanks/Cromwell.prefab","ground_armoured_vehicle","unverified"
"2.0.8 Stable","24420558","er2vehicles","Tanks","Crusader MK1 AA","Assets/ER2 Assets/Prefabs/Vehicles/Tanks/Crusader MK1 AA.prefab","ground_armoured_vehicle","unverified"
"2.0.8 Stable","24420558","er2vehicles","Tanks","Crusader MK1","Assets/ER2 Assets/Prefabs/Vehicles/Tanks/Crusader MK1.prefab","ground_armoured_vehicle","unverified"
"2.0.8 Stable","24420558","er2vehicles","Tanks","Crusader MK2 AA","Assets/ER2 Assets/Prefabs/Vehicles/Tanks/Crusader MK2 AA.prefab","ground_armoured_vehicle","unverified"
"2.0.8 Stable","24420558","er2vehicles","Tanks","Crusader MK2","Assets/ER2 Assets/Prefabs/Vehicles/Tanks/Crusader MK2.prefab","ground_armoured_vehicle","unverified"
"2.0.8 Stable","24420558","er2vehicles","Tanks","Crusader MK3","Assets/ER2 Assets/Prefabs/Vehicles/Tanks/Crusader MK3.prefab","ground_armoured_vehicle","unverified"
"2.0.8 Stable","24420558","er2vehicles","Tanks","CV33 Flamethrower","Assets/ER2 Assets/Prefabs/Vehicles/Tanks/CV33 Flamethrower.prefab","ground_armoured_vehicle","unverified"
"2.0.8 Stable","24420558","er2vehicles","Tanks","CV33","Assets/ER2 Assets/Prefabs/Vehicles/Tanks/CV33.prefab","ground_armoured_vehicle","unverified"
"2.0.8 Stable","24420558","er2vehicles","Tanks","CV35 20mm","Assets/ER2 Assets/Prefabs/Vehicles/Tanks/CV35 20mm.prefab","ground_armoured_vehicle","unverified"
"2.0.8 Stable","24420558","er2vehicles","Tanks","CV35","Assets/ER2 Assets/Prefabs/Vehicles/Tanks/CV35.prefab","ground_armoured_vehicle","unverified"
"2.0.8 Stable","24420558","er2vehicles","Tanks","Flammpanzer 38(t)","Assets/ER2 Assets/Prefabs/Vehicles/Tanks/Flammpanzer 38(t).prefab","ground_armoured_vehicle","unverified"
"2.0.8 Stable","24420558","er2vehicles","Tanks","FT-17 MG","Assets/ER2 Assets/Prefabs/Vehicles/Tanks/FT-17 MG.prefab","ground_armoured_vehicle","unverified"
"2.0.8 Stable","24420558","er2vehicles","Tanks","FT-17","Assets/ER2 Assets/Prefabs/Vehicles/Tanks/FT-17.prefab","ground_armoured_vehicle","unverified"
"2.0.8 Stable","24420558","er2vehicles","Tanks","Hetzer","Assets/ER2 Assets/Prefabs/Vehicles/Tanks/Hetzer.prefab","ground_armoured_vehicle","unverified"
"2.0.8 Stable","24420558","er2vehicles","Tanks","IS-2 1944 DSHK","Assets/ER2 Assets/Prefabs/Vehicles/Tanks/IS-2 1944 DSHK.prefab","ground_armoured_vehicle","unverified"
"2.0.8 Stable","24420558","er2vehicles","Tanks","IS-2 1944","Assets/ER2 Assets/Prefabs/Vehicles/Tanks/IS-2 1944.prefab","ground_armoured_vehicle","unverified"
"2.0.8 Stable","24420558","er2vehicles","Tanks","IS-2","Assets/ER2 Assets/Prefabs/Vehicles/Tanks/IS-2.prefab","ground_armoured_vehicle","unverified"
"2.0.8 Stable","24420558","er2vehicles","Tanks","ISU-122","Assets/ER2 Assets/Prefabs/Vehicles/Tanks/ISU-122.prefab","ground_armoured_vehicle","unverified"
"2.0.8 Stable","24420558","er2vehicles","Tanks","ISU-122S DSHK","Assets/ER2 Assets/Prefabs/Vehicles/Tanks/ISU-122S DSHK.prefab","ground_armoured_vehicle","unverified"
"2.0.8 Stable","24420558","er2vehicles","Tanks","ISU-122S","Assets/ER2 Assets/Prefabs/Vehicles/Tanks/ISU-122S.prefab","ground_armoured_vehicle","unverified"
"2.0.8 Stable","24420558","er2vehicles","Tanks","ISU-152 DSHK","Assets/ER2 Assets/Prefabs/Vehicles/Tanks/ISU-152 DSHK.prefab","ground_armoured_vehicle","unverified"
"2.0.8 Stable","24420558","er2vehicles","Tanks","ISU-152","Assets/ER2 Assets/Prefabs/Vehicles/Tanks/ISU-152.prefab","ground_armoured_vehicle","unverified"
"2.0.8 Stable","24420558","er2vehicles","Tanks","Jagdpanther G1","Assets/ER2 Assets/Prefabs/Vehicles/Tanks/Jagdpanther G1.prefab","ground_armoured_vehicle","unverified"
"2.0.8 Stable","24420558","er2vehicles","Tanks","Jagdpanzer IV 162","Assets/ER2 Assets/Prefabs/Vehicles/Tanks/Jagdpanzer IV 162.prefab","ground_armoured_vehicle","unverified"
"2.0.8 Stable","24420558","er2vehicles","Tanks","Jagdpanzer IV 162_1","Assets/ER2 Assets/Prefabs/Vehicles/Tanks/Jagdpanzer IV 162_1.prefab","ground_armoured_vehicle","unverified"
"2.0.8 Stable","24420558","er2vehicles","Tanks","KV1","Assets/ER2 Assets/Prefabs/Vehicles/Tanks/KV1.prefab","ground_armoured_vehicle","unverified"
"2.0.8 Stable","24420558","er2vehicles","Tanks","KV2","Assets/ER2 Assets/Prefabs/Vehicles/Tanks/KV2.prefab","ground_armoured_vehicle","unverified"
"2.0.8 Stable","24420558","er2vehicles","Tanks","LVTA1","Assets/ER2 Assets/Prefabs/Vehicles/Tanks/LVTA1.prefab","ground_armoured_vehicle","unverified"
"2.0.8 Stable","24420558","er2vehicles","Tanks","LVTA4","Assets/ER2 Assets/Prefabs/Vehicles/Tanks/LVTA4.prefab","ground_armoured_vehicle","unverified"
"2.0.8 Stable","24420558","er2vehicles","Tanks","M10 Achilles","Assets/ER2 Assets/Prefabs/Vehicles/Tanks/M10 Achilles.prefab","ground_armoured_vehicle","unverified"
"2.0.8 Stable","24420558","er2vehicles","Tanks","M10 Wolverine 1943","Assets/ER2 Assets/Prefabs/Vehicles/Tanks/M10 Wolverine 1943.prefab","ground_armoured_vehicle","unverified"
"2.0.8 Stable","24420558","er2vehicles","Tanks","M10 Wolverine 1944","Assets/ER2 Assets/Prefabs/Vehicles/Tanks/M10 Wolverine 1944.prefab","ground_armoured_vehicle","unverified"
"2.0.8 Stable","24420558","er2vehicles","Tanks","M10 Wolverine","Assets/ER2 Assets/Prefabs/Vehicles/Tanks/M10 Wolverine.prefab","ground_armoured_vehicle","unverified"
"2.0.8 Stable","24420558","er2vehicles","Tanks","M12 GMC","Assets/ER2 Assets/Prefabs/Vehicles/Tanks/M12 GMC.prefab","ground_armoured_vehicle","unverified"
"2.0.8 Stable","24420558","er2vehicles","Tanks","M13_40","Assets/ER2 Assets/Prefabs/Vehicles/Tanks/M13_40.prefab","ground_armoured_vehicle","unverified"
"2.0.8 Stable","24420558","er2vehicles","Tanks","M14_41","Assets/ER2 Assets/Prefabs/Vehicles/Tanks/M14_41.prefab","ground_armoured_vehicle","unverified"
"2.0.8 Stable","24420558","er2vehicles","Tanks","M3 Grant","Assets/ER2 Assets/Prefabs/Vehicles/Tanks/M3 Grant.prefab","ground_armoured_vehicle","unverified"
"2.0.8 Stable","24420558","er2vehicles","Tanks","M3 Lee","Assets/ER2 Assets/Prefabs/Vehicles/Tanks/M3 Lee.prefab","ground_armoured_vehicle","unverified"
"2.0.8 Stable","24420558","er2vehicles","Tanks","M3 Stuart v1 UK","Assets/ER2 Assets/Prefabs/Vehicles/Tanks/M3 Stuart v1 UK.prefab","ground_armoured_vehicle","unverified"
"2.0.8 Stable","24420558","er2vehicles","Tanks","M3 Stuart v1","Assets/ER2 Assets/Prefabs/Vehicles/Tanks/M3 Stuart v1.prefab","ground_armoured_vehicle","unverified"
"2.0.8 Stable","24420558","er2vehicles","Tanks","M3 Stuart","Assets/ER2 Assets/Prefabs/Vehicles/Tanks/M3 Stuart.prefab","ground_armoured_vehicle","unverified"
"2.0.8 Stable","24420558","er2vehicles","Tanks","M36 Jackson","Assets/ER2 Assets/Prefabs/Vehicles/Tanks/M36 Jackson.prefab","ground_armoured_vehicle","unverified"
"2.0.8 Stable","24420558","er2vehicles","Tanks","M3A0 1941 Stuart","Assets/ER2 Assets/Prefabs/Vehicles/Tanks/M3A0 1941 Stuart.prefab","ground_armoured_vehicle","unverified"
"2.0.8 Stable","24420558","er2vehicles","Tanks","M3A1 Satan","Assets/ER2 Assets/Prefabs/Vehicles/Tanks/M3A1 Satan.prefab","ground_armoured_vehicle","unverified"
"2.0.8 Stable","24420558","er2vehicles","Tanks","M3A3 Recce","Assets/ER2 Assets/Prefabs/Vehicles/Tanks/M3A3 Recce.prefab","ground_armoured_vehicle","unverified"
"2.0.8 Stable","24420558","er2vehicles","Tanks","M4 Flamethrower Sherman","Assets/ER2 Assets/Prefabs/Vehicles/Tanks/M4 Flamethrower Sherman.prefab","ground_armoured_vehicle","unverified"
"2.0.8 Stable","24420558","er2vehicles","Tanks","M4 Sherman Calliope","Assets/ER2 Assets/Prefabs/Vehicles/Tanks/M4 Sherman Calliope.prefab","ground_armoured_vehicle","unverified"
"2.0.8 Stable","24420558","er2vehicles","Tanks","M4 Sherman DD","Assets/ER2 Assets/Prefabs/Vehicles/Tanks/M4 Sherman DD.prefab","ground_armoured_vehicle","unverified"
"2.0.8 Stable","24420558","er2vehicles","Tanks","M4 Sherman","Assets/ER2 Assets/Prefabs/Vehicles/Tanks/M4 Sherman.prefab","ground_armoured_vehicle","unverified"
"2.0.8 Stable","24420558","er2vehicles","Tanks","M4A0 1944 105 Sherman","Assets/ER2 Assets/Prefabs/Vehicles/Tanks/M4A0 1944 105 Sherman.prefab","ground_armoured_vehicle","unverified"
"2.0.8 Stable","24420558","er2vehicles","Tanks","M4A0 1944 Sherman","Assets/ER2 Assets/Prefabs/Vehicles/Tanks/M4A0 1944 Sherman.prefab","ground_armoured_vehicle","unverified"
"2.0.8 Stable","24420558","er2vehicles","Tanks","M4A1 1942 Sherman","Assets/ER2 Assets/Prefabs/Vehicles/Tanks/M4A1 1942 Sherman.prefab","ground_armoured_vehicle","unverified"
"2.0.8 Stable","24420558","er2vehicles","Tanks","M4A1 1944 Sherman","Assets/ER2 Assets/Prefabs/Vehicles/Tanks/M4A1 1944 Sherman.prefab","ground_armoured_vehicle","unverified"
"2.0.8 Stable","24420558","er2vehicles","Tanks","M4A1 76w Sherman","Assets/ER2 Assets/Prefabs/Vehicles/Tanks/M4A1 76w Sherman.prefab","ground_armoured_vehicle","unverified"
"2.0.8 Stable","24420558","er2vehicles","Tanks","M4A2 1942 Sherman","Assets/ER2 Assets/Prefabs/Vehicles/Tanks/M4A2 1942 Sherman.prefab","ground_armoured_vehicle","unverified"
"2.0.8 Stable","24420558","er2vehicles","Tanks","M4A2 1943 Sherman","Assets/ER2 Assets/Prefabs/Vehicles/Tanks/M4A2 1943 Sherman.prefab","ground_armoured_vehicle","unverified"
"2.0.8 Stable","24420558","er2vehicles","Tanks","M4A2 1944 Sherman","Assets/ER2 Assets/Prefabs/Vehicles/Tanks/M4A2 1944 Sherman.prefab","ground_armoured_vehicle","unverified"
"2.0.8 Stable","24420558","er2vehicles","Tanks","M4A2 76 (Sov) Sherman","Assets/ER2 Assets/Prefabs/Vehicles/Tanks/M4A2 76 (Sov) Sherman.prefab","ground_armoured_vehicle","unverified"
"2.0.8 Stable","24420558","er2vehicles","Tanks","M4A2E8 (Sov) Sherman","Assets/ER2 Assets/Prefabs/Vehicles/Tanks/M4A2E8 (Sov) Sherman.prefab","ground_armoured_vehicle","unverified"
"2.0.8 Stable","24420558","er2vehicles","Tanks","M4A2E8 Sherman","Assets/ER2 Assets/Prefabs/Vehicles/Tanks/M4A2E8 Sherman.prefab","ground_armoured_vehicle","unverified"
"2.0.8 Stable","24420558","er2vehicles","Tanks","M4A3 105 Sherman","Assets/ER2 Assets/Prefabs/Vehicles/Tanks/M4A3 105 Sherman.prefab","ground_armoured_vehicle","unverified"
"2.0.8 Stable","24420558","er2vehicles","Tanks","M4A3 75 Sherman","Assets/ER2 Assets/Prefabs/Vehicles/Tanks/M4A3 75 Sherman.prefab","ground_armoured_vehicle","unverified"
"2.0.8 Stable","24420558","er2vehicles","Tanks","M4A3 76 Sherman","Assets/ER2 Assets/Prefabs/Vehicles/Tanks/M4A3 76 Sherman.prefab","ground_armoured_vehicle","unverified"
"2.0.8 Stable","24420558","er2vehicles","Tanks","M4A3E2 76 Sherman","Assets/ER2 Assets/Prefabs/Vehicles/Tanks/M4A3E2 76 Sherman.prefab","ground_armoured_vehicle","unverified"
"2.0.8 Stable","24420558","er2vehicles","Tanks","M4A3E2 Sherman","Assets/ER2 Assets/Prefabs/Vehicles/Tanks/M4A3E2 Sherman.prefab","ground_armoured_vehicle","unverified"
"2.0.8 Stable","24420558","er2vehicles","Tanks","M4A3E8 105 Sherman","Assets/ER2 Assets/Prefabs/Vehicles/Tanks/M4A3E8 105 Sherman.prefab","ground_armoured_vehicle","unverified"
"2.0.8 Stable","24420558","er2vehicles","Tanks","M4A4 1943 Sherman","Assets/ER2 Assets/Prefabs/Vehicles/Tanks/M4A4 1943 Sherman.prefab","ground_armoured_vehicle","unverified"
"2.0.8 Stable","24420558","er2vehicles","Tanks","M4A4 1944 Sherman","Assets/ER2 Assets/Prefabs/Vehicles/Tanks/M4A4 1944 Sherman.prefab","ground_armoured_vehicle","unverified"
"2.0.8 Stable","24420558","er2vehicles","Tanks","M5A0 1942 Stuart","Assets/ER2 Assets/Prefabs/Vehicles/Tanks/M5A0 1942 Stuart.prefab","ground_armoured_vehicle","unverified"
"2.0.8 Stable","24420558","er2vehicles","Tanks","M5A1 1943 Stuart","Assets/ER2 Assets/Prefabs/Vehicles/Tanks/M5A1 1943 Stuart.prefab","ground_armoured_vehicle","unverified"
"2.0.8 Stable","24420558","er2vehicles","Tanks","M5A1 1944 Stuart","Assets/ER2 Assets/Prefabs/Vehicles/Tanks/M5A1 1944 Stuart.prefab","ground_armoured_vehicle","unverified"
"2.0.8 Stable","24420558","er2vehicles","Tanks","M5-E7","Assets/ER2 Assets/Prefabs/Vehicles/Tanks/M5-E7.prefab","ground_armoured_vehicle","unverified"
"2.0.8 Stable","24420558","er2vehicles","Tanks","M7 Priest","Assets/ER2 Assets/Prefabs/Vehicles/Tanks/M7 Priest.prefab","ground_armoured_vehicle","unverified"
"2.0.8 Stable","24420558","er2vehicles","Tanks","M8 Scott","Assets/ER2 Assets/Prefabs/Vehicles/Tanks/M8 Scott.prefab","ground_armoured_vehicle","unverified"
"2.0.8 Stable","24420558","er2vehicles","Tanks","Marder I","Assets/ER2 Assets/Prefabs/Vehicles/Tanks/Marder I.prefab","ground_armoured_vehicle","unverified"
"2.0.8 Stable","24420558","er2vehicles","Tanks","Marder II NV","Assets/ER2 Assets/Prefabs/Vehicles/Tanks/Marder II NV.prefab","ground_armoured_vehicle","unverified"
"2.0.8 Stable","24420558","er2vehicles","Tanks","Marder II","Assets/ER2 Assets/Prefabs/Vehicles/Tanks/Marder II.prefab","ground_armoured_vehicle","unverified"
"2.0.8 Stable","24420558","er2vehicles","Tanks","Matilda MK2","Assets/ER2 Assets/Prefabs/Vehicles/Tanks/Matilda MK2.prefab","ground_armoured_vehicle","unverified"
"2.0.8 Stable","24420558","er2dlc_awakening","Tanks","Nimrod","Assets/ER2 Assets/Prefabs/Vehicles/Tanks/Nimrod.prefab","ground_armoured_vehicle","unverified"
"2.0.8 Stable","24420558","er2vehicles","Tanks","Panzer 38(t)","Assets/ER2 Assets/Prefabs/Vehicles/Tanks/Panzer 38(t).prefab","ground_armoured_vehicle","unverified"
"2.0.8 Stable","24420558","er2vehicles","Tanks","Panzer I A","Assets/ER2 Assets/Prefabs/Vehicles/Tanks/Panzer I A.prefab","ground_armoured_vehicle","unverified"
"2.0.8 Stable","24420558","er2vehicles","Tanks","Panzer II C","Assets/ER2 Assets/Prefabs/Vehicles/Tanks/Panzer II C.prefab","ground_armoured_vehicle","unverified"
"2.0.8 Stable","24420558","er2vehicles","Tanks","Panzer II F","Assets/ER2 Assets/Prefabs/Vehicles/Tanks/Panzer II F.prefab","ground_armoured_vehicle","unverified"
"2.0.8 Stable","24420558","er2vehicles","Tanks","Panzer II","Assets/ER2 Assets/Prefabs/Vehicles/Tanks/Panzer II.prefab","ground_armoured_vehicle","unverified"
"2.0.8 Stable","24420558","er2vehicles","Tanks","Panzer iii F","Assets/ER2 Assets/Prefabs/Vehicles/Tanks/Panzer iii F.prefab","ground_armoured_vehicle","unverified"
"2.0.8 Stable","24420558","er2vehicles","Tanks","Panzer iii G","Assets/ER2 Assets/Prefabs/Vehicles/Tanks/Panzer iii G.prefab","ground_armoured_vehicle","unverified"
"2.0.8 Stable","24420558","er2vehicles","Tanks","Panzer iii H","Assets/ER2 Assets/Prefabs/Vehicles/Tanks/Panzer iii H.prefab","ground_armoured_vehicle","unverified"
"2.0.8 Stable","24420558","er2vehicles","Tanks","Panzer iii J","Assets/ER2 Assets/Prefabs/Vehicles/Tanks/Panzer iii J.prefab","ground_armoured_vehicle","unverified"
"2.0.8 Stable","24420558","er2vehicles","Tanks","Panzer iii J1","Assets/ER2 Assets/Prefabs/Vehicles/Tanks/Panzer iii J1.prefab","ground_armoured_vehicle","unverified"
"2.0.8 Stable","24420558","er2vehicles","Tanks","Panzer iii L","Assets/ER2 Assets/Prefabs/Vehicles/Tanks/Panzer iii L.prefab","ground_armoured_vehicle","unverified"
"2.0.8 Stable","24420558","er2vehicles","Tanks","Panzer iii M Flemmen","Assets/ER2 Assets/Prefabs/Vehicles/Tanks/Panzer iii M Flemmen.prefab","ground_armoured_vehicle","unverified"
"2.0.8 Stable","24420558","er2vehicles","Tanks","Panzer iii M","Assets/ER2 Assets/Prefabs/Vehicles/Tanks/Panzer iii M.prefab","ground_armoured_vehicle","unverified"
"2.0.8 Stable","24420558","er2vehicles","Tanks","Panzer iii N","Assets/ER2 Assets/Prefabs/Vehicles/Tanks/Panzer iii N.prefab","ground_armoured_vehicle","unverified"
"2.0.8 Stable","24420558","er2vehicles","Tanks","Panzer iii","Assets/ER2 Assets/Prefabs/Vehicles/Tanks/Panzer iii.prefab","ground_armoured_vehicle","unverified"
"2.0.8 Stable","24420558","er2vehicles","Tanks","Panzer iv e","Assets/ER2 Assets/Prefabs/Vehicles/Tanks/Panzer iv e.prefab","ground_armoured_vehicle","unverified"
"2.0.8 Stable","24420558","er2vehicles","Tanks","Panzer iv h","Assets/ER2 Assets/Prefabs/Vehicles/Tanks/Panzer iv h.prefab","ground_armoured_vehicle","unverified"
"2.0.8 Stable","24420558","er2vehicles","Tanks","Panzer iv Wirbelwind","Assets/ER2 Assets/Prefabs/Vehicles/Tanks/Panzer iv Wirbelwind.prefab","ground_armoured_vehicle","unverified"
"2.0.8 Stable","24420558","er2vehicles","Tanks","Panzer iv","Assets/ER2 Assets/Prefabs/Vehicles/Tanks/Panzer iv.prefab","ground_armoured_vehicle","unverified"
"2.0.8 Stable","24420558","er2vehicles","Tanks","Panzer Tiger E ZM","Assets/ER2 Assets/Prefabs/Vehicles/Tanks/Panzer Tiger E ZM.prefab","ground_armoured_vehicle","unverified"
"2.0.8 Stable","24420558","er2vehicles","Tanks","Panzer Tiger E","Assets/ER2 Assets/Prefabs/Vehicles/Tanks/Panzer Tiger E.prefab","ground_armoured_vehicle","unverified"
"2.0.8 Stable","24420558","er2vehicles","Tanks","Panzer Tiger H1 ZM","Assets/ER2 Assets/Prefabs/Vehicles/Tanks/Panzer Tiger H1 ZM.prefab","ground_armoured_vehicle","unverified"
"2.0.8 Stable","24420558","er2vehicles","Tanks","Panzer Tiger","Assets/ER2 Assets/Prefabs/Vehicles/Tanks/Panzer Tiger.prefab","ground_armoured_vehicle","unverified"
"2.0.8 Stable","24420558","er2vehicles","Tanks","Panzer V Panther A ZM","Assets/ER2 Assets/Prefabs/Vehicles/Tanks/Panzer V Panther A ZM.prefab","ground_armoured_vehicle","unverified"
"2.0.8 Stable","24420558","er2vehicles","Tanks","Panzer V Panther A","Assets/ER2 Assets/Prefabs/Vehicles/Tanks/Panzer V Panther A.prefab","ground_armoured_vehicle","unverified"
"2.0.8 Stable","24420558","er2vehicles","Tanks","Panzer V Panther G NV","Assets/ER2 Assets/Prefabs/Vehicles/Tanks/Panzer V Panther G NV.prefab","ground_armoured_vehicle","unverified"
"2.0.8 Stable","24420558","er2vehicles","Tanks","Panzer V Panther G","Assets/ER2 Assets/Prefabs/Vehicles/Tanks/Panzer V Panther G.prefab","ground_armoured_vehicle","unverified"
"2.0.8 Stable","24420558","er2vehicles","Tanks","Panzer v Panther","Assets/ER2 Assets/Prefabs/Vehicles/Tanks/Panzer v Panther.prefab","ground_armoured_vehicle","unverified"
"2.0.8 Stable","24420558","er2vehicles","Tanks","Panzerjager 35R","Assets/ER2 Assets/Prefabs/Vehicles/Tanks/Panzerjager 35R.prefab","ground_armoured_vehicle","unverified"
"2.0.8 Stable","24420558","er2vehicles","Tanks","RenaultR35 VDC","Assets/ER2 Assets/Prefabs/Vehicles/Tanks/RenaultR35 VDC.prefab","ground_armoured_vehicle","unverified"
"2.0.8 Stable","24420558","er2vehicles","Tanks","RenaultR35","Assets/ER2 Assets/Prefabs/Vehicles/Tanks/RenaultR35.prefab","ground_armoured_vehicle","unverified"
"2.0.8 Stable","24420558","er2vehicles","Tanks","RenaultR35_German","Assets/ER2 Assets/Prefabs/Vehicles/Tanks/RenaultR35_German.prefab","ground_armoured_vehicle","unverified"
"2.0.8 Stable","24420558","er2vehicles","Tanks","RenaultR35_SA38","Assets/ER2 Assets/Prefabs/Vehicles/Tanks/RenaultR35_SA38.prefab","ground_armoured_vehicle","unverified"
"2.0.8 Stable","24420558","er2vehicles","Tanks","SemoventeM40","Assets/ER2 Assets/Prefabs/Vehicles/Tanks/SemoventeM40.prefab","ground_armoured_vehicle","unverified"
"2.0.8 Stable","24420558","er2vehicles","Tanks","SemoventeM41","Assets/ER2 Assets/Prefabs/Vehicles/Tanks/SemoventeM41.prefab","ground_armoured_vehicle","unverified"
"2.0.8 Stable","24420558","er2vehicles","Tanks","SemoventeM42","Assets/ER2 Assets/Prefabs/Vehicles/Tanks/SemoventeM42.prefab","ground_armoured_vehicle","unverified"
"2.0.8 Stable","24420558","er2vehicles","Tanks","SemoventeM42_34","Assets/ER2 Assets/Prefabs/Vehicles/Tanks/SemoventeM42_34.prefab","ground_armoured_vehicle","unverified"
"2.0.8 Stable","24420558","er2vehicles","Tanks","Sherman Firefly","Assets/ER2 Assets/Prefabs/Vehicles/Tanks/Sherman Firefly.prefab","ground_armoured_vehicle","unverified"
"2.0.8 Stable","24420558","er2vehicles","Tanks","Stug iii B","Assets/ER2 Assets/Prefabs/Vehicles/Tanks/Stug iii B.prefab","ground_armoured_vehicle","unverified"
"2.0.8 Stable","24420558","er2vehicles","Tanks","Stug iii C","Assets/ER2 Assets/Prefabs/Vehicles/Tanks/Stug iii C.prefab","ground_armoured_vehicle","unverified"
"2.0.8 Stable","24420558","er2vehicles","Tanks","Stug iii D","Assets/ER2 Assets/Prefabs/Vehicles/Tanks/Stug iii D.prefab","ground_armoured_vehicle","unverified"
"2.0.8 Stable","24420558","er2vehicles","Tanks","Stug iii E","Assets/ER2 Assets/Prefabs/Vehicles/Tanks/Stug iii E.prefab","ground_armoured_vehicle","unverified"
"2.0.8 Stable","24420558","er2vehicles","Tanks","Stug iii F","Assets/ER2 Assets/Prefabs/Vehicles/Tanks/Stug iii F.prefab","ground_armoured_vehicle","unverified"
"2.0.8 Stable","24420558","er2vehicles","Tanks","Stug iii F8","Assets/ER2 Assets/Prefabs/Vehicles/Tanks/Stug iii F8.prefab","ground_armoured_vehicle","unverified"
"2.0.8 Stable","24420558","er2vehicles","Tanks","Stug iii G LW","Assets/ER2 Assets/Prefabs/Vehicles/Tanks/Stug iii G LW.prefab","ground_armoured_vehicle","unverified"
"2.0.8 Stable","24420558","er2vehicles","Tanks","Stug iii","Assets/ER2 Assets/Prefabs/Vehicles/Tanks/Stug iii.prefab","ground_armoured_vehicle","unverified"
"2.0.8 Stable","24420558","er2vehicles","Tanks","Stuh 42","Assets/ER2 Assets/Prefabs/Vehicles/Tanks/Stuh 42.prefab","ground_armoured_vehicle","unverified"
"2.0.8 Stable","24420558","er2vehicles","Tanks","Sturm-Panzer 43","Assets/ER2 Assets/Prefabs/Vehicles/Tanks/Sturm-Panzer 43.prefab","ground_armoured_vehicle","unverified"
"2.0.8 Stable","24420558","er2vehicles","Tanks","Sturmpanzer I Bison","Assets/ER2 Assets/Prefabs/Vehicles/Tanks/Sturmpanzer I Bison.prefab","ground_armoured_vehicle","unverified"
"2.0.8 Stable","24420558","er2vehicles","Tanks","SU-100","Assets/ER2 Assets/Prefabs/Vehicles/Tanks/SU-100.prefab","ground_armoured_vehicle","unverified"
"2.0.8 Stable","24420558","er2vehicles","Tanks","SU-122","Assets/ER2 Assets/Prefabs/Vehicles/Tanks/SU-122.prefab","ground_armoured_vehicle","unverified"
"2.0.8 Stable","24420558","er2vehicles","Tanks","SU-76","Assets/ER2 Assets/Prefabs/Vehicles/Tanks/SU-76.prefab","ground_armoured_vehicle","unverified"
"2.0.8 Stable","24420558","er2vehicles","Tanks","SU-85","Assets/ER2 Assets/Prefabs/Vehicles/Tanks/SU-85.prefab","ground_armoured_vehicle","unverified"
"2.0.8 Stable","24420558","er2vehicles","Tanks","SU-85M","Assets/ER2 Assets/Prefabs/Vehicles/Tanks/SU-85M.prefab","ground_armoured_vehicle","unverified"
"2.0.8 Stable","24420558","er2vehicles","Tanks","T26","Assets/ER2 Assets/Prefabs/Vehicles/Tanks/T26.prefab","ground_armoured_vehicle","unverified"
"2.0.8 Stable","24420558","er2vehicles","Tanks","T34 1940","Assets/ER2 Assets/Prefabs/Vehicles/Tanks/T34 1940.prefab","ground_armoured_vehicle","unverified"
"2.0.8 Stable","24420558","er2vehicles","Tanks","T34 1941","Assets/ER2 Assets/Prefabs/Vehicles/Tanks/T34 1941.prefab","ground_armoured_vehicle","unverified"
"2.0.8 Stable","24420558","er2vehicles","Tanks","T34 1942 OT","Assets/ER2 Assets/Prefabs/Vehicles/Tanks/T34 1942 OT.prefab","ground_armoured_vehicle","unverified"
"2.0.8 Stable","24420558","er2vehicles","Tanks","T34 1942 STZ","Assets/ER2 Assets/Prefabs/Vehicles/Tanks/T34 1942 STZ.prefab","ground_armoured_vehicle","unverified"
"2.0.8 Stable","24420558","er2vehicles","Tanks","T34 1943 Late","Assets/ER2 Assets/Prefabs/Vehicles/Tanks/T34 1943 Late.prefab","ground_armoured_vehicle","unverified"
"2.0.8 Stable","24420558","er2vehicles","Tanks","T34 1943","Assets/ER2 Assets/Prefabs/Vehicles/Tanks/T34 1943.prefab","ground_armoured_vehicle","unverified"
"2.0.8 Stable","24420558","er2vehicles","Tanks","T34","Assets/ER2 Assets/Prefabs/Vehicles/Tanks/T34.prefab","ground_armoured_vehicle","unverified"
"2.0.8 Stable","24420558","er2vehicles","Tanks","T34-85 OT","Assets/ER2 Assets/Prefabs/Vehicles/Tanks/T34-85 OT.prefab","ground_armoured_vehicle","unverified"
"2.0.8 Stable","24420558","er2vehicles","Tanks","T34-85","Assets/ER2 Assets/Prefabs/Vehicles/Tanks/T34-85.prefab","ground_armoured_vehicle","unverified"
"2.0.8 Stable","24420558","er2vehicles","Tanks","Tiger II","Assets/ER2 Assets/Prefabs/Vehicles/Tanks/Tiger II.prefab","ground_armoured_vehicle","unverified"
"2.0.8 Stable","24420558","er2dlc_awakening","Tanks","Toldi I","Assets/ER2 Assets/Prefabs/Vehicles/Tanks/Toldi I.prefab","ground_armoured_vehicle","unverified"
"2.0.8 Stable","24420558","er2dlc_awakening","Tanks","Toldi II","Assets/ER2 Assets/Prefabs/Vehicles/Tanks/Toldi II.prefab","ground_armoured_vehicle","unverified"
"2.0.8 Stable","24420558","er2dlc_awakening","Tanks","Toldi IIA","Assets/ER2 Assets/Prefabs/Vehicles/Tanks/Toldi IIA.prefab","ground_armoured_vehicle","unverified"
"2.0.8 Stable","24420558","er2dlc_awakening","Tanks","Turan I Skirts","Assets/ER2 Assets/Prefabs/Vehicles/Tanks/Turan I Skirts.prefab","ground_armoured_vehicle","unverified"
"2.0.8 Stable","24420558","er2dlc_awakening","Tanks","Turan I","Assets/ER2 Assets/Prefabs/Vehicles/Tanks/Turan I.prefab","ground_armoured_vehicle","unverified"
"2.0.8 Stable","24420558","er2dlc_awakening","Tanks","Turan II Skirts","Assets/ER2 Assets/Prefabs/Vehicles/Tanks/Turan II Skirts.prefab","ground_armoured_vehicle","unverified"
"2.0.8 Stable","24420558","er2dlc_awakening","Tanks","Turan II","Assets/ER2 Assets/Prefabs/Vehicles/Tanks/Turan II.prefab","ground_armoured_vehicle","unverified"
"2.0.8 Stable","24420558","er2dlc_awakening","Tanks","Turan III Skirts","Assets/ER2 Assets/Prefabs/Vehicles/Tanks/Turan III Skirts.prefab","ground_armoured_vehicle","unverified"
"2.0.8 Stable","24420558","er2dlc_awakening","Tanks","Turan III","Assets/ER2 Assets/Prefabs/Vehicles/Tanks/Turan III.prefab","ground_armoured_vehicle","unverified"
"2.0.8 Stable","24420558","er2vehicles","Tanks","Type 2 Boat Tank","Assets/ER2 Assets/Prefabs/Vehicles/Tanks/Type 2 Boat Tank.prefab","ground_armoured_vehicle","unverified"
"2.0.8 Stable","24420558","er2vehicles","Tanks","Type 2 Tank","Assets/ER2 Assets/Prefabs/Vehicles/Tanks/Type 2 Tank.prefab","ground_armoured_vehicle","unverified"
"2.0.8 Stable","24420558","er2vehicles","Tanks","Type 4 Ke-Nu","Assets/ER2 Assets/Prefabs/Vehicles/Tanks/Type 4 Ke-Nu.prefab","ground_armoured_vehicle","unverified"
"2.0.8 Stable","24420558","er2vehicles","Tanks","Type 95 Tank","Assets/ER2 Assets/Prefabs/Vehicles/Tanks/Type 95 Tank.prefab","ground_armoured_vehicle","unverified"
"2.0.8 Stable","24420558","er2vehicles","Tanks","Type 97 Tank 47mm","Assets/ER2 Assets/Prefabs/Vehicles/Tanks/Type 97 Tank 47mm.prefab","ground_armoured_vehicle","unverified"
"2.0.8 Stable","24420558","er2vehicles","Tanks","Type 97 Tank","Assets/ER2 Assets/Prefabs/Vehicles/Tanks/Type 97 Tank.prefab","ground_armoured_vehicle","unverified"
"2.0.8 Stable","24420558","er2dlc_china","Tanks","Type89 Yi-Go","Assets/ER2 Assets/Prefabs/Vehicles/Tanks/Type89 Yi-Go.prefab","ground_armoured_vehicle","unverified"
"2.0.8 Stable","24420558","er2vehicles","Tanks","Type94 tankette","Assets/ER2 Assets/Prefabs/Vehicles/Tanks/Type94 tankette.prefab","ground_armoured_vehicle","unverified"
"2.0.8 Stable","24420558","er2vehicles","Tanks","Valentine","Assets/ER2 Assets/Prefabs/Vehicles/Tanks/Valentine.prefab","ground_armoured_vehicle","unverified"
"2.0.8 Stable","24420558","er2dlc_china","Tanks","Vickers Carden Loyd","Assets/ER2 Assets/Prefabs/Vehicles/Tanks/Vickers Carden Loyd.prefab","ground_armoured_vehicle","unverified"
"2.0.8 Stable","24420558","er2dlc_china","Tanks","Vickers E Type B","Assets/ER2 Assets/Prefabs/Vehicles/Tanks/Vickers E Type B.prefab","ground_armoured_vehicle","unverified"
"2.0.8 Stable","24420558","er2dlc_awakening","Tanks","Zrinyi I Skirts","Assets/ER2 Assets/Prefabs/Vehicles/Tanks/Zrinyi I Skirts.prefab","ground_armoured_vehicle","unverified"
"2.0.8 Stable","24420558","er2dlc_awakening","Tanks","Zrinyi I","Assets/ER2 Assets/Prefabs/Vehicles/Tanks/Zrinyi I.prefab","ground_armoured_vehicle","unverified"
"2.0.8 Stable","24420558","er2dlc_awakening","Tanks","Zrinyi II Skirts","Assets/ER2 Assets/Prefabs/Vehicles/Tanks/Zrinyi II Skirts.prefab","ground_armoured_vehicle","unverified"
"2.0.8 Stable","24420558","er2dlc_awakening","Tanks","Zrinyi II","Assets/ER2 Assets/Prefabs/Vehicles/Tanks/Zrinyi II.prefab","ground_armoured_vehicle","unverified"
"2.0.8 Stable","24420558","er2vehicles","Wheeled","AB41","Assets/ER2 Assets/Prefabs/Vehicles/Wheeled/AB41.prefab","ground_wheeled_vehicle","unverified"
"2.0.8 Stable","24420558","er2vehicles","Wheeled","AS42 Metropolitana Breda37","Assets/ER2 Assets/Prefabs/Vehicles/Wheeled/AS42 Metropolitana Breda37.prefab","ground_wheeled_vehicle","unverified"
"2.0.8 Stable","24420558","er2vehicles","Wheeled","AS42 Metropolitana","Assets/ER2 Assets/Prefabs/Vehicles/Wheeled/AS42 Metropolitana.prefab","ground_wheeled_vehicle","unverified"
"2.0.8 Stable","24420558","er2vehicles","Wheeled","AS42 Sahariana Breda37","Assets/ER2 Assets/Prefabs/Vehicles/Wheeled/AS42 Sahariana Breda37.prefab","ground_wheeled_vehicle","unverified"
"2.0.8 Stable","24420558","er2vehicles","Wheeled","AS42 Sahariana","Assets/ER2 Assets/Prefabs/Vehicles/Wheeled/AS42 Sahariana.prefab","ground_wheeled_vehicle","unverified"
"2.0.8 Stable","24420558","er2vehicles","Wheeled","BA-11","Assets/ER2 Assets/Prefabs/Vehicles/Wheeled/BA-11.prefab","ground_wheeled_vehicle","unverified"
"2.0.8 Stable","24420558","er2vehicles","Wheeled","BM-13","Assets/ER2 Assets/Prefabs/Vehicles/Wheeled/BM-13.prefab","ground_wheeled_vehicle","unverified"
"2.0.8 Stable","24420558","er2vehicles","Wheeled","BM-13N","Assets/ER2 Assets/Prefabs/Vehicles/Wheeled/BM-13N.prefab","ground_wheeled_vehicle","unverified"
"2.0.8 Stable","24420558","er2vehicles","Wheeled","Citroen 23R","Assets/ER2 Assets/Prefabs/Vehicles/Wheeled/Citroen 23R.prefab","ground_wheeled_vehicle","unverified"
"2.0.8 Stable","24420558","er2dlc_awakening","Wheeled","Csaba","Assets/ER2 Assets/Prefabs/Vehicles/Wheeled/Csaba.prefab","ground_wheeled_vehicle","unverified"
"2.0.8 Stable","24420558","er2vehicles","Wheeled","Daimler MKII","Assets/ER2 Assets/Prefabs/Vehicles/Wheeled/Daimler MKII.prefab","ground_wheeled_vehicle","unverified"
"2.0.8 Stable","24420558","er2vehicles","Wheeled","DUKW MG","Assets/ER2 Assets/Prefabs/Vehicles/Wheeled/DUKW MG.prefab","ground_wheeled_vehicle","unverified"
"2.0.8 Stable","24420558","er2vehicles","Wheeled","DUKW","Assets/ER2 Assets/Prefabs/Vehicles/Wheeled/DUKW.prefab","ground_wheeled_vehicle","unverified"
"2.0.8 Stable","24420558","er2vehicles","Wheeled","Fiat626","Assets/ER2 Assets/Prefabs/Vehicles/Wheeled/Fiat626.prefab","ground_wheeled_vehicle","unverified"
"2.0.8 Stable","24420558","er2vehicles","Wheeled","Fiat626_nocover1","Assets/ER2 Assets/Prefabs/Vehicles/Wheeled/Fiat626_nocover1.prefab","ground_wheeled_vehicle","unverified"
"2.0.8 Stable","24420558","er2vehicles","Wheeled","Fiat626_nocover2","Assets/ER2 Assets/Prefabs/Vehicles/Wheeled/Fiat626_nocover2.prefab","ground_wheeled_vehicle","unverified"
"2.0.8 Stable","24420558","er2vehicles","Wheeled","FrenchTraktor","Assets/ER2 Assets/Prefabs/Vehicles/Wheeled/FrenchTraktor.prefab","ground_wheeled_vehicle","unverified"
"2.0.8 Stable","24420558","er2vehicles","Wheeled","GMC CCKW cage MG","Assets/ER2 Assets/Prefabs/Vehicles/Wheeled/GMC CCKW cage MG.prefab","ground_wheeled_vehicle","unverified"
"2.0.8 Stable","24420558","er2vehicles","Wheeled","GMC CCKW cage","Assets/ER2 Assets/Prefabs/Vehicles/Wheeled/GMC CCKW cage.prefab","ground_wheeled_vehicle","unverified"
"2.0.8 Stable","24420558","er2vehicles","Wheeled","GMC CCKW cover","Assets/ER2 Assets/Prefabs/Vehicles/Wheeled/GMC CCKW cover.prefab","ground_wheeled_vehicle","unverified"
"2.0.8 Stable","24420558","er2vehicles","Wheeled","GMC CCKW open MG","Assets/ER2 Assets/Prefabs/Vehicles/Wheeled/GMC CCKW open MG.prefab","ground_wheeled_vehicle","unverified"
"2.0.8 Stable","24420558","er2vehicles","Wheeled","GMC CCKW open","Assets/ER2 Assets/Prefabs/Vehicles/Wheeled/GMC CCKW open.prefab","ground_wheeled_vehicle","unverified"
"2.0.8 Stable","24420558","er2vehicles","Wheeled","Horch 853","Assets/ER2 Assets/Prefabs/Vehicles/Wheeled/Horch 853.prefab","ground_wheeled_vehicle","unverified"
"2.0.8 Stable","24420558","er2vehicles","Wheeled","JeepWillys ENG","Assets/ER2 Assets/Prefabs/Vehicles/Wheeled/JeepWillys ENG.prefab","ground_wheeled_vehicle","unverified"
"2.0.8 Stable","24420558","er2vehicles","Wheeled","JeepWillys","Assets/ER2 Assets/Prefabs/Vehicles/Wheeled/JeepWillys.prefab","ground_wheeled_vehicle","unverified"
"2.0.8 Stable","24420558","er2vehicles","Wheeled","JeepWillysMG","Assets/ER2 Assets/Prefabs/Vehicles/Wheeled/JeepWillysMG.prefab","ground_wheeled_vehicle","unverified"
"2.0.8 Stable","24420558","er2vehicles","Wheeled","Kubelwagen","Assets/ER2 Assets/Prefabs/Vehicles/Wheeled/Kubelwagen.prefab","ground_wheeled_vehicle","unverified"
"2.0.8 Stable","24420558","er2vehicles","Wheeled","M15A1 CGMC","Assets/ER2 Assets/Prefabs/Vehicles/Wheeled/M15A1 CGMC.prefab","ground_wheeled_vehicle","unverified"
"2.0.8 Stable","24420558","er2vehicles","Wheeled","M3 Half-Track 7.5cm GMC","Assets/ER2 Assets/Prefabs/Vehicles/Wheeled/M3 Half-Track 7.5cm GMC.prefab","ground_wheeled_vehicle","unverified"
"2.0.8 Stable","24420558","er2vehicles","Wheeled","M3 Half-Track AA","Assets/ER2 Assets/Prefabs/Vehicles/Wheeled/M3 Half-Track AA.prefab","ground_wheeled_vehicle","unverified"
"2.0.8 Stable","24420558","er2vehicles","Wheeled","M3 Half-Track Armed","Assets/ER2 Assets/Prefabs/Vehicles/Wheeled/M3 Half-Track Armed.prefab","ground_wheeled_vehicle","unverified"
"2.0.8 Stable","24420558","er2vehicles","Wheeled","M3 Half-Track Cover MG","Assets/ER2 Assets/Prefabs/Vehicles/Wheeled/M3 Half-Track Cover MG.prefab","ground_wheeled_vehicle","unverified"
"2.0.8 Stable","24420558","er2vehicles","Wheeled","M3 Half-Track Cover","Assets/ER2 Assets/Prefabs/Vehicles/Wheeled/M3 Half-Track Cover.prefab","ground_wheeled_vehicle","unverified"
"2.0.8 Stable","24420558","er2vehicles","Wheeled","M3 Half-Track M45 Quadmount","Assets/ER2 Assets/Prefabs/Vehicles/Wheeled/M3 Half-Track M45 Quadmount.prefab","ground_wheeled_vehicle","unverified"
"2.0.8 Stable","24420558","er2vehicles","Wheeled","M3 Half-Track Transport","Assets/ER2 Assets/Prefabs/Vehicles/Wheeled/M3 Half-Track Transport.prefab","ground_wheeled_vehicle","unverified"
"2.0.8 Stable","24420558","er2vehicles","Wheeled","M3 Half-Track","Assets/ER2 Assets/Prefabs/Vehicles/Wheeled/M3 Half-Track.prefab","ground_wheeled_vehicle","unverified"
"2.0.8 Stable","24420558","er2vehicles","Wheeled","M4A1 Half-Track","Assets/ER2 Assets/Prefabs/Vehicles/Wheeled/M4A1 Half-Track.prefab","ground_wheeled_vehicle","unverified"
"2.0.8 Stable","24420558","er2vehicles","Wheeled","M8 Grayhound","Assets/ER2 Assets/Prefabs/Vehicles/Wheeled/M8 Grayhound.prefab","ground_wheeled_vehicle","unverified"
"2.0.8 Stable","24420558","er2vehicles","Wheeled","Mk28E1 CGMC","Assets/ER2 Assets/Prefabs/Vehicles/Wheeled/Mk28E1 CGMC.prefab","ground_wheeled_vehicle","unverified"
"2.0.8 Stable","24420558","er2vehicles","Wheeled","Opel Blitz Cage","Assets/ER2 Assets/Prefabs/Vehicles/Wheeled/Opel Blitz Cage.prefab","ground_wheeled_vehicle","unverified"
"2.0.8 Stable","24420558","er2vehicles","Wheeled","Opel Blitz Cover","Assets/ER2 Assets/Prefabs/Vehicles/Wheeled/Opel Blitz Cover.prefab","ground_wheeled_vehicle","unverified"
"2.0.8 Stable","24420558","er2vehicles","Wheeled","Opel Blitz","Assets/ER2 Assets/Prefabs/Vehicles/Wheeled/Opel Blitz.prefab","ground_wheeled_vehicle","unverified"
"2.0.8 Stable","24420558","er2vehicles","Wheeled","Schwimmwagen","Assets/ER2 Assets/Prefabs/Vehicles/Wheeled/Schwimmwagen.prefab","ground_wheeled_vehicle","unverified"
"2.0.8 Stable","24420558","er2vehicles","Wheeled","Sdkfz222","Assets/ER2 Assets/Prefabs/Vehicles/Wheeled/Sdkfz222.prefab","ground_wheeled_vehicle","unverified"
"2.0.8 Stable","24420558","er2vehicles","Wheeled","Sdkfz222_chn","Assets/ER2 Assets/Prefabs/Vehicles/Wheeled/Sdkfz222_chn.prefab","ground_wheeled_vehicle","unverified"
"2.0.8 Stable","24420558","er2vehicles","Wheeled","Sdkfz234-2","Assets/ER2 Assets/Prefabs/Vehicles/Wheeled/Sdkfz234-2.prefab","ground_wheeled_vehicle","unverified"
"2.0.8 Stable","24420558","er2vehicles","Wheeled","Sdkfz234-3","Assets/ER2 Assets/Prefabs/Vehicles/Wheeled/Sdkfz234-3.prefab","ground_wheeled_vehicle","unverified"
"2.0.8 Stable","24420558","er2vehicles","Wheeled","Sdkfz250","Assets/ER2 Assets/Prefabs/Vehicles/Wheeled/Sdkfz250.prefab","ground_wheeled_vehicle","unverified"
"2.0.8 Stable","24420558","er2vehicles","Wheeled","Sdkfz251 1939","Assets/ER2 Assets/Prefabs/Vehicles/Wheeled/Sdkfz251 1939.prefab","ground_wheeled_vehicle","unverified"
"2.0.8 Stable","24420558","er2vehicles","Wheeled","Sdkfz251","Assets/ER2 Assets/Prefabs/Vehicles/Wheeled/Sdkfz251.prefab","ground_wheeled_vehicle","unverified"
"2.0.8 Stable","24420558","er2vehicles","Wheeled","SKhTZ 15-30","Assets/ER2 Assets/Prefabs/Vehicles/Wheeled/SKhTZ 15-30.prefab","ground_wheeled_vehicle","unverified"
"2.0.8 Stable","24420558","er2vehicles","Wheeled","Type93 Armoured Car","Assets/ER2 Assets/Prefabs/Vehicles/Wheeled/Type93 Armoured Car.prefab","ground_wheeled_vehicle","unverified"
"2.0.8 Stable","24420558","er2vehicles","Wheeled","Type94 Truck","Assets/ER2 Assets/Prefabs/Vehicles/Wheeled/Type94 Truck.prefab","ground_wheeled_vehicle","unverified"
"2.0.8 Stable","24420558","er2vehicles","Wheeled","Type95 Scout","Assets/ER2 Assets/Prefabs/Vehicles/Wheeled/Type95 Scout.prefab","ground_wheeled_vehicle","unverified"
"2.0.8 Stable","24420558","er2dlc_china","Wheeled","VickersCrossley","Assets/ER2 Assets/Prefabs/Vehicles/Wheeled/VickersCrossley.prefab","ground_wheeled_vehicle","unverified"
"2.0.8 Stable","24420558","er2vehicles","Wheeled","Volkswagen Beetle","Assets/ER2 Assets/Prefabs/Vehicles/Wheeled/Volkswagen Beetle.prefab","ground_wheeled_vehicle","unverified"
"2.0.8 Stable","24420558","er2vehicles","Wheeled","WC 51 Dodge Cargo","Assets/ER2 Assets/Prefabs/Vehicles/Wheeled/WC 51 Dodge Cargo.prefab","ground_wheeled_vehicle","unverified"
"2.0.8 Stable","24420558","er2vehicles","Wheeled","ZisTruck AA","Assets/ER2 Assets/Prefabs/Vehicles/Wheeled/ZisTruck AA.prefab","ground_wheeled_vehicle","unverified"
"2.0.8 Stable","24420558","er2vehicles","Wheeled","ZisTruck","Assets/ER2 Assets/Prefabs/Vehicles/Wheeled/ZisTruck.prefab","ground_wheeled_vehicle","unverified"
